customer_id,market_id,name,email
1,2,Customer1,customer1@example.com
2,3,Customer2,customer2@example.com
3,4,Customer3,customer3@example.com
4,5,Customer4,customer4@example.com
5,1,Customer5,customer5@example.com
6,2,Customer6,customer6@example.com
7,3,Customer7,customer7@example.com
8,4,Customer8,customer8@example.com
9,5,Customer9,customer9@example.com
10,1,Customer10,customer10@example.com
11,2,Customer11,customer11@example.com
12,3,Customer12,customer12@example.com
13,4,Customer13,customer13@example.com
14,5,Customer14,customer14@example.com
15,1,Customer15,customer15@example.com
16,2,Customer16,customer16@example.com
17,3,Customer17,customer17@example.com
18,4,Customer18,customer18@example.com
19,5,Customer19,customer19@example.com
20,1,Customer20,customer20@example.com
21,2,Customer21,customer21@example.com
22,3,Customer22,customer22@example.com
23,4,Customer23,customer23@example.com
24,5,Customer24,customer24@example.com
25,1,Customer25,customer25@example.com
26,2,Customer26,customer26@example.com
27,3,Customer27,customer27@example.com
28,4,Customer28,customer28@example.com
29,5,Customer29,customer29@example.com
30,1,Customer30,customer30@example.com
31,2,Customer31,customer31@example.com
32,3,Customer32,customer32@example.com
33,4,Customer33,customer33@example.com
34,5,Customer34,customer34@example.com
35,1,Customer35,customer35@example.com
36,2,Customer36,customer36@example.com
37,3,Customer37,customer37@example.com
38,4,Customer38,customer38@example.com
39,5,Customer39,customer39@example.com
40,1,Customer40,customer40@example.com
41,2,Customer41,customer41@example.com
42,3,Customer42,customer42@example.com
43,4,Customer43,customer43@example.com
44,5,Customer44,customer44@example.com
45,1,Customer45,customer45@example.com
46,2,Customer46,customer46@example.com
47,3,Customer47,customer47@example.com
48,4,Customer48,customer48@example.com
49,5,Customer49,customer49@example.com
50,1,Customer50,customer50@example.com
51,2,Customer51,customer51@example.com
52,3,Customer52,customer52@example.com
53,4,Customer53,customer53@example.com
54,5,Customer54,customer54@example.com
55,1,Customer55,customer55@example.com
56,2,Customer56,customer56@example.com
57,3,Customer57,customer57@example.com
58,4,Customer58,customer58@example.com
59,5,Customer59,customer59@example.com
60,1,Customer60,customer60@example.com
61,2,Customer61,customer61@example.com
62,3,Customer62,customer62@example.com
63,4,Customer63,customer63@example.com
64,5,Customer64,customer64@example.com
65,1,Customer65,customer65@example.com
66,2,Customer66,customer66@example.com
67,3,Customer67,customer67@example.com
68,4,Customer68,customer68@example.com
69,5,Customer69,customer69@example.com
70,1,Customer70,customer70@example.com
71,2,Customer71,customer71@example.com
72,3,Customer72,customer72@example.com
73,4,Customer73,customer73@example.com
74,5,Customer74,customer74@example.com
75,1,Customer75,customer75@example.com
76,2,Customer76,customer76@example.com
77,3,Customer77,customer77@example.com
78,4,Customer78,customer78@example.com
79,5,Customer79,customer79@example.com
80,1,Customer80,customer80@example.com
81,2,Customer81,customer81@example.com
82,3,Customer82,customer82@example.com
83,4,Customer83,customer83@example.com
84,5,Customer84,customer84@example.com
85,1,Customer85,customer85@example.com
86,2,Customer86,customer86@example.com
87,3,Customer87,customer87@example.com
88,4,Customer88,customer88@example.com
89,5,Customer89,customer89@example.com
90,1,Customer90,customer90@example.com
91,2,Customer91,customer91@example.com
92,3,Customer92,customer92@example.com
93,4,Customer93,customer93@example.com
94,5,Customer94,customer94@example.com
95,1,Customer95,customer95@example.com
96,2,Customer96,customer96@example.com
97,3,Customer97,customer97@example.com
98,4,Customer98,customer98@example.com
99,5,Customer99,customer99@example.com
100,1,Customer100,customer100@example.com
101,2,Customer101,customer101@example.com
102,3,Customer102,customer102@example.com
103,4,Customer103,customer103@example.com
104,5,Customer104,customer104@example.com
105,1,Customer105,customer105@example.com
106,2,Customer106,customer106@example.com
107,3,Customer107,customer107@example.com
108,4,Customer108,customer108@example.com
109,5,Customer109,customer109@example.com
110,1,Customer110,customer110@example.com
111,2,Customer111,customer111@example.com
112,3,Customer112,customer112@example.com
113,4,Customer113,customer113@example.com
114,5,Customer114,customer114@example.com
115,1,Customer115,customer115@example.com
116,2,Customer116,customer116@example.com
117,3,Customer117,customer117@example.com
118,4,Customer118,customer118@example.com
119,5,Customer119,customer119@example.com
120,1,Customer120,customer120@example.com
121,2,Customer121,customer121@example.com
122,3,Customer122,customer122@example.com
123,4,Customer123,customer123@example.com
